eval_loss,eval_accuracy,eval_precision,eval_recall,eval_f1,eval_matthews,eval_runtime,eval_samples_per_second,eval_steps_per_second,area_percentage,block_size,grid_size,pairs,layer
0.8160412311553955,0.8111217641418984,0.825062034739454,0.9223300970873787,0.870988867059594,0.5340667882909217,3.273,318.665,3.361,0.1,64,"(12,12)","{(2,4),(11,10),(11,0),(9,2),(1,4),(5,1),(2,3),(6,4),(5,10),(2,6),(10,3),(5,3),(11,4),(10,2),(9,4)}","distilbert.transformer.layer.0.attention.k_lin.weight"
0.8203273415565491,0.8072866730584851,0.825,0.9153952843273232,0.8678500986193294,0.5252216970032684,2.9278,356.234,3.757,0.1,64,"(12,12)","{(11,1),(2,4),(7,7),(10,4),(7,0),(6,6),(11,3),(2,9),(5,0),(2,6),(8,6),(10,3),(1,0),(0,5),(3,11)}","distilbert.transformer.layer.0.attention.k_lin.weight"
0.8164244294166565,0.8082454458293384,0.8228004956629492,0.9209431345353676,0.869109947643979,0.5264763891845121,2.9135,357.989,3.776,0.1,64,"(12,12)","{(0,7),(2,4),(10,11),(5,5),(1,1),(2,0),(0,2),(10,0),(5,6),(4,8),(9,8),(3,6),(9,1),(9,7),(3,5)}","distilbert.transformer.layer.0.attention.k_lin.weight"
